model,tuned,mae,rmse,r2,mape
XGBoost (tuned),True,12268.8662109375,18668.790641067248,0.9509799480438232,6.980782643624309
RandomForest (tuned),True,13639.068239316239,21212.112823775264,0.9367137823091403,7.9603166699969075
RandomForest (baseline),False,14286.277703703705,21873.248568905496,0.9327073144548507,8.200625154654036
XGBoost (baseline),False,14308.8369140625,21654.0494134469,0.9340492486953735,8.090670329427585
Ridge,False,14782.456008792666,22100.605053206935,0.9313011272062901,8.979818709627372
